Codigo,Cobertura,x,y,longitude,latitude,geometry_wkt
2.0,Bosque Natural,-74.883,7.82094808,4792399.983870232,2422671.511566881,POINT (4792399.98387 2422671.511567)
4.0,Vegetacion,-74.795,8.110696076,4802286.348415864,2454663.3556387373,POINT (4802286.348416 2454663.355639)
2.0,Bosque Natural,-74.918,8.002288507,4788650.590286846,2442739.1040145606,POINT (4788650.590287 2442739.104015)
4.0,Vegetacion,-74.934,8.125218744,4787009.330620343,2456339.307141687,POINT (4787009.33062 2456339.307142)
2.0,Bosque Natural,-74.937,7.99000257,4786531.813227658,2441390.5656390265,POINT (4786531.813228 2441390.565639)
9.0,Mineria,-74.816,7.875849874,4799863.231802208,2428708.788374971,POINT (4799863.231802 2428708.788375)
7.0,Cuerpos de Agua,-74.794,8.061090533,4802424.269955464,2449178.2432664004,POINT (4802424.269955 2449178.243266)
6.0,Suelo Desnudo,-74.962,7.909800976,4783752.344247491,2432535.6439674306,POINT (4783752.344247 2432535.643967)
2.0,Bosque Natural,-74.759,7.872508763,4806109.97052554,2428312.682143922,POINT (4806109.970526 2428312.682144)
7.0,Cuerpos de Agua,-74.779,8.051021853,4803993.131607177,2448058.1754208375,POINT (4803993.131607 2448058.175421)
4.0,Vegetacion,-74.811,8.06924765,4800469.963487397,2450088.7450051787,POINT (4800469.963487 2450088.745005)
6.0,Suelo Desnudo,-74.847,8.012461263,4796465.853323178,2443828.090094588,POINT (4796465.853323 2443828.090095)
7.0,Cuerpos de Agua,-74.809,7.911116583,4800601.556929363,2432604.752495532,POINT (4800601.556929 2432604.752496)
7.0,Cuerpos de Agua,-74.793,8.061539845,4802535.724921825,2449227.430857933,POINT (4802535.724922 2449227.430858)
1.0,Nubes,-74.653,8.009935654,4817937.688246005,2443457.430274927,POINT (4817937.688246 2443457.430275)
2.0,Bosque Natural,-74.662,7.874834554,4816795.788576932,2428526.088494342,POINT (4816795.788577 2428526.088494)
6.0,Suelo Desnudo,-74.948,7.965886339,4785384.674820648,2438729.406436543,POINT (4785384.674821 2438729.406437)
4.0,Vegetacion,-74.797,8.123920628,4802106.596733672,2456126.2924040263,POINT (4802106.596734 2456126.292404)
6.0,Suelo Desnudo,-74.714,8.124975872,4811243.657509418,2456203.3884155937,POINT (4811243.657509 2456203.388416)
1.0,Nubes,-74.627,8.051699293,4819795.846729017,2447990.531408352,POINT (4819795.846729 2447990.531408)
1.0,Nubes,-74.725,7.858349111,4812127.498255058,2429140.7253890326,POINT (4812127.498255 2429140.725389)
4.0,Vegetacion,-74.859,8.08062364,4795262.528704549,2451369.9643929685,POINT (4795262.528705 2451369.964393)
6.0,Suelo Desnudo,-74.672,7.891985367,4815735.433575146,2430426.4092774624,POINT (4815735.433575 2430426.409277)
4.0,Vegetacion,-74.796,8.121256787,4802142.53599492,2455831.611707074,POINT (4802142.535995 2455831.611707)
9.0,Mineria,-74.808,7.837459642,4800743.203388979,2424460.4748864006,POINT (4800743.203389 2424460.474886)
7.0,Cuerpos de Agua,-74.93,7.887781905,4787323.400978626,2430084.299153267,POINT (4787323.400979 2430084.299153)
2.0,Bosque Natural,-74.689,8.06698625,4813951.144194693,2449780.910254527,POINT (4813951.144195 2449780.910255)
1.0,Nubes,-74.743,8.015763781,4807175.063315857,2448715.23946132,POINT (4807175.063316 2448715.239461)
9.0,Mineria,-74.767,7.799408628,4805265.063149099,2420234.3413159726,POINT (4805265.063149 2420234.341316)
7.0,Cuerpos de Agua,-74.78,7.811118713,4803815.376587171,2421535.09859277,POINT (4803815.376587 2421535.098593)
2.0,Bosque Natural,-74.928,7.95550366,4787521.4778937595,2437571.371689865,POINT (4787521.477894 2437571.37169)
4.0,Vegetacion,-74.809,8.126094933,4800745.552882658,2456372.7452572524,POINT (4800745.552883 2456372.745257)
4.0,Vegetacion,-74.937,8.12432629,4786709.392300931,2456242.0594261093,POINT (4786709.392301 2456242.059426)
6.0,Suelo Desnudo,-74.952,7.843433526,4785186.2363097435,2448177.0085084373,POINT (4785186.23631 2448177.008508)
9.0,Mineria,-74.823,7.836161526,4799075.831910978,2424324.158332954,POINT (4799075.831911 2424324.158333)
1.0,Nubes,-74.649,7.898455463,4818314.72957692,2431131.4305375256,POINT (4818314.729577 2431131.430538)
4.0,Vegetacion,-74.883,8.120380932,4792629.463882401,2455777.9337268802,POINT (4792629.463882 2455777.933727)
7.0,Cuerpos de Agua,-74.948,8.036774476,4785450.348055886,2446567.3108861684,POINT (4785450.348056 2446567.310886)
4.0,Vegetacion,-74.801,8.112048279,4801688.101626537,2454815.5083990553,POINT (4801688.101627 2454815.508399)
4.0,Vegetacion,-74.801,8.064704245,4801577.7853269335,2449581.5099146366,POINT (4801577.785327 2449581.509915)
7.0,Cuerpos de Agua,-74.904,8.036209136,4790240.619680049,2446482.2828976037,POINT (4790240.61968 2446482.282898)
4.0,Vegetacion,-74.852,8.097992492,4796051.083844993,2453286.776740063,POINT (4796051.083845 2453286.77674)
9.0,Mineria,-74.829,7.949132999,4798459.815240938,2436817.348305252,POINT (4798459.815241 2436817.348305)
7.0,Cuerpos de Agua,-74.799,7.970189407,4801744.327561903,2439130.998802614,POINT (4801744.327562 2439130.998803)
1.0,Nubes,-74.642,7.976347965,4819055.172964372,2439739.732222262,POINT (4819055.172964 2439739.732222)
4.0,Vegetacion,-74.731,7.939654801,4809278.438882764,2435722.963881607,POINT (4809278.438883 2435722.963882)
4.0,Vegetacion,-74.92,8.086288798,4788562.30023443,2452027.426212007,POINT (4788562.300234 2452027.426212)
6.0,Suelo Desnudo,-74.892,8.073333797,4792400.463377908,2449885.85545519,POINT (4792400.463378 2449885.855455)
2.0,Bosque Natural,-74.657,7.861420693,4817362.297224447,2427040.894631311,POINT (4817362.297224 2427040.894631)
9.0,Mineria,-74.865,7.98317159,4794544.7449673,2440598.319382271,POINT (4794544.744967 2440598.319382)
4.0,Vegetacion,-74.796,8.112480985,4802168.035703148,2454861.2230829494,POINT (4802168.035703 2454861.223083)
9.0,Mineria,-74.768,7.797880638,4805130.172106398,2420065.9727329053,POINT (4805130.172106 2420065.972733)
6.0,Suelo Desnudo,-74.92,8.00919678,4788451.558993569,2443503.878996181,POINT (4788451.558994 2443503.878996)
4.0,Vegetacion,-74.726,8.019341388,4809859.659800506,2444530.504964523,POINT (4809859.659801 2444530.504965)
4.0,Vegetacion,-74.829,8.08291843,4798548.689176952,2451608.8166315006,POINT (4798548.689177 2451608.816632)
4.0,Vegetacion,-74.807,8.081933955,4800986.140483749,2451489.0928983567,POINT (4800986.140484 2451489.092898)
6.0,Suelo Desnudo,-74.908,7.869305527,4789720.392262097,2428030.374936173,POINT (4789720.392262 2428030.374936)
1.0,Nubes,-74.726,7.989827235,4813437.170926268,2438622.163995786,POINT (4813437.170926 2438622.163996)
9.0,Mineria,-74.829,7.9495969,4798450.394124979,2436868.680544254,POINT (4798450.394125 2436868.680544)
4.0,Vegetacion,-74.789,8.068841989,4802904.394320054,2450033.153316859,POINT (4802904.39432 2450033.153317)
7.0,Cuerpos de Agua,-74.93,7.90461531,4787297.597201809,2431945.6862895223,POINT (4787297.597202 2431945.68629)
4.0,Vegetacion,-74.71,7.928646602,4811586.308442515,2434496.360713232,POINT (4811586.308443 2434496.360713)
4.0,Vegetacion,-74.96,8.127747365,4784068.1414597845,2456633.037341756,POINT (4784068.14146 2456633.037342)
7.0,Cuerpos de Agua,-74.628,8.09353452,4820696.353034184,2452688.4860161394,POINT (4820696.353034 2452688.486016)
7.0,Cuerpos de Agua,-74.797,7.831291534,4801917.983609784,2423773.480031776,POINT (4801917.98361 2423773.480032)
4.0,Vegetacion,-74.706,7.844759355,4811939.3571696365,2425220.6647195355,POINT (4811939.35717 2425220.66472)
9.0,Mineria,-74.837,7.965169102,4797551.212560151,2438594.3904627245,POINT (4797551.21256 2438594.390463)
6.0,Suelo Desnudo,-74.951,7.958760004,4784991.247010326,2437943.2917642277,POINT (4784991.24701 2437943.291764)
7.0,Cuerpos de Agua,-74.835,8.037352571,4797826.741457123,2446574.087421043,POINT (4797826.741457 2446574.087421)
7.0,Cuerpos de Agua,-74.934,8.037983044,4786938.729226656,2446693.891961625,POINT (4786938.729227 2446693.891962)
7.0,Cuerpos de Agua,-74.787,8.03520592,4803152.613760576,2446313.2045702008,POINT (4803152.613761 2446313.20457)
4.0,Vegetacion,-74.797,8.113265263,4802108.826839618,2454948.1969934106,POINT (4802108.82684 2454948.196993)
6.0,Suelo Desnudo,-74.875,8.077532259,4789199.168617158,2450172.5662299525,POINT (4789199.168617 2450172.56623)
6.0,Suelo Desnudo,-74.932,7.976548221,4787119.514227441,2439900.151909177,POINT (4787119.514227 2439900.151909)
9.0,Mineria,-74.81,7.822747665,4800446.978609699,2422835.165753139,POINT (4800446.97861 2422835.165753)
9.0,Mineria,-74.777,8.034428518,4796461.540422937,2442975.1613325,POINT (4796461.540423 2442975.161332)
1.0,Nubes,-74.659,7.960217036,4817368.880058582,2437994.198227704,POINT (4817368.880059 2437994.198228)
7.0,Cuerpos de Agua,-74.729,8.078117309,4807517.466256999,2451827.89314376,POINT (4807517.466257 2451827.893144)
2.0,Bosque Natural,-74.684,7.978791979,4814439.564368453,2440028.5290048127,POINT (4814439.564368 2440028.529005)
9.0,Mineria,-74.826,7.980302043,4798770.682480696,2440262.139712089,POINT (4798770.682481 2440262.139712)
1.0,Nubes,-74.685,7.988390919,4814426.690630372,2441155.6930418597,POINT (4814426.69063 2441155.693042)
6.0,Suelo Desnudo,-74.704,8.012823698,4813526.413790504,2444310.349391602,POINT (4813526.413791 2444310.349392)
6.0,Suelo Desnudo,-74.937,7.888956883,4786575.098672887,2430217.6831096336,POINT (4786575.098673 2430217.68311)
6.0,Suelo Desnudo,-74.904,7.943432727,4790213.66131505,2436224.241241198,POINT (4790213.661315 2436224.241241)
2.0,Bosque Natural,-74.889,7.840109961,4791824.7223774595,2424792.758657114,POINT (4791824.722377 2424792.758657)
4.0,Vegetacion,-74.856,8.1018204,4795559.23026932,2453712.2566751344,POINT (4795559.230269 2453712.256675)
6.0,Suelo Desnudo,-74.966,7.965168181,4783405.297464188,2438659.369714289,POINT (4783405.297464 2438659.369714)
2.0,Bosque Natural,-74.635,7.928219558,4819812.015292755,2434416.017618552,POINT (4819812.015293 2434416.017619)
4.0,Vegetacion,-74.779,7.909367068,4803942.983067082,2432396.917806878,POINT (4803942.983067 2432396.917807)
9.0,Mineria,-74.768,7.795568369,4805109.719439567,2419810.415803196,POINT (4805109.71944 2419810.415803)
2.0,Bosque Natural,-74.742,7.958351327,4808094.757152394,2437794.978900862,POINT (4808094.757152 2437794.978901)
9.0,Mineria,-74.863,7.964244581,4794678.7606907375,2438505.0295031844,POINT (4794678.760691 2438505.029503)
4.0,Vegetacion,-74.826,8.078496724,4798853.42825135,2451118.566823879,POINT (4798853.428251 2451118.566824)
2.0,Bosque Natural,-74.74,7.826673327,4808208.065596145,2423236.4362202426,POINT (4808208.065596 2423236.43622)
9.0,Mineria,-74.811,7.825695469,4800421.545422478,2423161.19015643,POINT (4800421.545422 2423161.190156)
1.0,Nubes,-74.654,8.0134712,4817780.983934512,2443848.9283752064,POINT (4817780.983935 2443848.928375)
9.0,Mineria,-74.95,8.050424808,4789354.599568925,2430611.9396267934,POINT (4789354.599569 2430611.939627)
4.0,Vegetacion,-74.681,8.091926702,4814858.667402551,2452534.470979572,POINT (4814858.667403 2452534.47098)
7.0,Cuerpos de Agua,-74.807,7.882261811,4800855.917811295,2429413.4028428593,POINT (4800855.917811 2429413.402843)
4.0,Vegetacion,-74.805,8.066759595,4801137.750539675,2449810.6989327143,POINT (4801137.75054 2449810.698933)
4.0,Vegetacion,-74.818,8.103454263,4799710.850969455,2453874.1346017546,POINT (4799710.850969 2453874.134602)
9.0,Mineria,-74.858,7.943430705,4795307.998662437,2436200.8996549444,POINT (4795307.998662 2436200.899655)
2.0,Bosque Natural,-74.674,7.98344356,4815556.333952535,2440538.2388492282,POINT (4815556.333953 2440538.238849)
4.0,Vegetacion,-74.828,8.081336351,4798696.8997189505,2451433.2299875612,POINT (4798696.899719 2451433.229988)
7.0,Cuerpos de Agua,-74.782,8.11622997,4803746.076939717,2455268.7618710473,POINT (4803746.07694 2455268.761871)
6.0,Suelo Desnudo,-74.943,7.885639108,4785915.561234664,2429853.9001511475,POINT (4785915.561235 2429853.900151)
6.0,Suelo Desnudo,-74.937,7.93193309,4786545.746946413,2434969.7167028747,POINT (4786545.746946 2434969.716703)
4.0,Vegetacion,-74.705,8.124091285,4812266.5112296445,2456101.277140009,POINT (4812266.51123 2456101.27714)
2.0,Bosque Natural,-74.771,7.894098548,4804793.6429994535,2430705.2025927864,POINT (4804793.642999 2430705.202593)
4.0,Vegetacion,-74.808,8.067652049,4800805.918967271,2449910.840361266,POINT (4800805.918967 2449910.840361)
4.0,Vegetacion,-74.69,7.911151428,4813745.116180218,2432553.337835044,POINT (4813745.11618 2432553.337835)
6.0,Suelo Desnudo,-74.947,7.888221714,4785412.915224492,2430141.803150724,POINT (4785412.915224 2430141.803151)
9.0,Mineria,-74.83,7.936168353,4798373.69460575,2435384.3088564337,POINT (4798373.694606 2435384.308856)
2.0,Bosque Natural,-74.759,7.828589185,4806119.41507327,2423456.9393483633,POINT (4806119.415073 2423456.939348)
7.0,Cuerpos de Agua,-74.817,7.964592797,4799849.702853505,2438520.512913155,POINT (4799849.702854 2438520.512913)
2.0,Bosque Natural,-74.631,7.849841248,4820223.066321552,2425749.535809919,POINT (4820223.066322 2425749.53581)
2.0,Bosque Natural,-74.63,7.966081264,4820448.472069753,2438599.20411933,POINT (4820448.47207 2438599.204119)
6.0,Suelo Desnudo,-74.723,8.004469261,4809865.456758712,2443945.468833203,POINT (4809865.456759 2443945.468833)
9.0,Mineria,-74.928,8.063497044,4797344.260459585,2433219.457437846,POINT (4797344.26046 2433219.457438)
4.0,Vegetacion,-74.929,8.097593221,4787471.573401861,2453282.521744301,POINT (4787471.573402 2453282.521744)
1.0,Nubes,-74.728,7.999577608,4807946.230654782,2444158.89553483,POINT (4807946.230655 2444158.895535)
9.0,Mineria,-74.888,7.945933428,4791910.499760794,2436492.974009128,POINT (4791910.499761 2436492.974009)
9.0,Mineria,-74.825,7.855264661,4798871.330166706,2426437.1447468004,POINT (4798871.330167 2426437.144747)
6.0,Suelo Desnudo,-74.954,7.841645036,4784651.180520726,2424995.3196663447,POINT (4784651.180521 2424995.319666)
7.0,Cuerpos de Agua,-74.639,8.111656947,4819510.958934444,2454696.7400493147,POINT (4819510.958934 2454696.740049)
4.0,Vegetacion,-74.821,8.071735705,4799422.236426565,2450368.4973072894,POINT (4799422.236427 2450368.497307)
7.0,Cuerpos de Agua,-74.814,7.825257821,4800026.696981942,2423114.504102342,POINT (4800026.696982 2423114.504102)
7.0,Cuerpos de Agua,-74.799,7.796208413,4801729.750207207,2419895.454494923,POINT (4801729.750207 2419895.454495)
4.0,Vegetacion,-74.96,8.120418421,4784108.919108081,2455822.4559592563,POINT (4784108.919108 2455822.455959)
4.0,Vegetacion,-74.942,8.124447988,4786068.803487311,2456258.5813748236,POINT (4786068.803487 2456258.581375)
7.0,Cuerpos de Agua,-74.855,8.050307038,4795675.087743308,2448016.099787471,POINT (4795675.087743 2448016.099787)
9.0,Mineria,-74.787,7.858887053,4803045.184773929,2426616.601045602,POINT (4803045.184774 2426616.601046)
1.0,Nubes,-74.647,8.030486016,4818543.386605475,2445726.911517917,POINT (4818543.386605 2445726.911518)
4.0,Vegetacion,-74.643,8.107308695,4819045.469033118,2454217.906540423,POINT (4819045.469033 2454217.90654)
9.0,Mineria,-74.813,7.861051745,4800195.796867132,2427071.229277618,POINT (4800195.796867 2427071.229278)
7.0,Cuerpos de Agua,-74.756,8.044109836,4806611.197300762,2447282.6696709786,POINT (4806611.197301 2447282.669671)
4.0,Vegetacion,-74.959,8.120932258,4784276.064925469,2455878.464782612,POINT (4784276.064925 2455878.464783)
6.0,Suelo Desnudo,-74.934,7.955942615,4786889.647966293,2437622.8558569057,POINT (4786889.647966 2437622.855857)
9.0,Mineria,-74.831,7.884112552,4798241.002437104,2429629.415345076,POINT (4798241.002437 2429629.415345)
6.0,Suelo Desnudo,-74.964,7.895948816,4783509.130372288,2431005.127584803,POINT (4783509.130372 2431005.127585)
4.0,Vegetacion,-74.716,8.010874783,4810943.370869903,2443589.917434888,POINT (4810943.37087 2443589.917435)
2.0,Bosque Natural,-74.774,7.87991884,4804551.2278777715,2429138.524170142,POINT (4804551.227878 2429138.52417)
7.0,Cuerpos de Agua,-74.811,7.914084781,4800383.070652426,2432933.874307615,POINT (4800383.070652 2432933.874308)
7.0,Cuerpos de Agua,-74.639,8.105667331,4819439.60207524,2454034.8555321647,POINT (4819439.602075 2454034.855532)
6.0,Suelo Desnudo,-74.911,7.886579555,4789431.132178627,2429941.659033561,POINT (4789431.132179 2429941.659034)
4.0,Vegetacion,-74.964,8.124231635,4783708.681862509,2456246.032413364,POINT (4783708.681863 2456246.032413)
9.0,Mineria,-74.844,7.94922928,4796779.235809872,2436835.4465553924,POINT (4796779.23581 2436835.446555)
2.0,Bosque Natural,-74.916,8.127949069,4789013.686102528,2456631.67965172,POINT (4789013.686103 2456631.679652)
2.0,Bosque Natural,-74.748,7.852228075,4807374.596418845,2426065.179529052,POINT (4807374.596419 2426065.179529)
7.0,Cuerpos de Agua,-74.963,7.904959316,4783727.5039952705,2432000.408647166,POINT (4783727.503995 2432000.408647)
7.0,Cuerpos de Agua,-74.872,7.916204828,4793760.697136201,2433197.596559968,POINT (4793760.697136 2433197.59656)
2.0,Bosque Natural,-74.834,7.839032979,4797913.933577817,2424646.6926064626,POINT (4797913.933578 2424646.692606)
7.0,Cuerpos de Agua,-74.801,7.895510204,4801569.909280512,2430875.0835965015,POINT (4801569.909281 2430875.083597)
6.0,Suelo Desnudo,-74.745,7.814878827,4807268.353452899,2421794.5195955406,POINT (4807268.353453 2421794.519596)
7.0,Cuerpos de Agua,-74.779,7.815445765,4803888.959832897,2422013.1866391106,POINT (4803888.959833 2422013.186639)
2.0,Bosque Natural,-74.655,7.833848881,4817549.681724069,2423992.0084540197,POINT (4817549.681724 2423992.008454)
6.0,Suelo Desnudo,-74.839,7.799425643,4808384.752670661,2425047.882849711,POINT (4808384.752671 2425047.88285)
1.0,Nubes,-74.655,7.989937721,4817648.768155158,2441247.7465418605,POINT (4817648.768155 2441247.746542)
2.0,Bosque Natural,-74.64,7.889506112,4819266.8455007775,2430138.3027547705,POINT (4819266.845501 2430138.302755)
4.0,Vegetacion,-74.792,8.104935688,4802661.9535790635,2454024.8147227936,POINT (4802661.953579 2454024.814723)
4.0,Vegetacion,-74.892,8.116267155,4791592.008507603,2455327.9084248836,POINT (4791592.008508 2455327.908425)
2.0,Bosque Natural,-74.629,7.991232254,4820519.05763889,2441379.4223048165,POINT (4820519.057639 2441379.422305)
7.0,Cuerpos de Agua,-74.809,7.832532338,4800604.20067039,2423916.3012244343,POINT (4800604.20067 2423916.301224)
2.0,Bosque Natural,-74.898,7.804628135,4790829.011342874,2420874.1149219447,POINT (4790829.011343 2420874.114922)
1.0,Nubes,-74.693,7.965630841,4817176.259104497,2438036.38394493,POINT (4817176.259104 2438036.383945)
1.0,Nubes,-74.64,8.090479815,4810741.073366293,2446484.53876848,POINT (4810741.073366 2446484.538768)
2.0,Bosque Natural,-74.712,7.833307733,4811277.6856248425,2423957.312570492,POINT (4811277.685625 2423957.31257)
2.0,Bosque Natural,-74.676,8.000283673,4815325.833915766,2442400.9318074593,POINT (4815325.833916 2442400.931807)
4.0,Vegetacion,-74.802,8.114698599,4801471.888816744,2455109.49520765,POINT (4801471.888817 2455109.495208)
4.0,Vegetacion,-74.816,8.11689862,4800000.388011185,2455359.298718825,POINT (4800000.388011 2455359.298719)
7.0,Cuerpos de Agua,-74.733,8.086373459,4809094.985179445,2451944.690482968,POINT (4809094.985179 2451944.690483)
9.0,Mineria,-74.828,7.872860336,4798595.582302342,2428383.780377084,POINT (4798595.582302 2428383.780377)
2.0,Bosque Natural,-74.732,7.898963779,4809108.028432571,2431224.9680903126,POINT (4809108.028433 2431224.96809)
6.0,Suelo Desnudo,-74.925,7.796235365,4787858.739296442,2419959.5934402896,POINT (4787858.739296 2419959.59344)
6.0,Suelo Desnudo,-74.902,8.107793989,4790862.70708678,2453800.2032259936,POINT (4790862.707087 2453800.203226)
9.0,Mineria,-74.837,7.871135013,4797555.392698878,2428197.5798539803,POINT (4797555.392699 2428197.579854)
9.0,Mineria,-74.86,8.016589338,4795070.5888703205,2444290.8096039947,POINT (4795070.58887 2444290.809604)
4.0,Vegetacion,-74.936,8.107640095,4786775.0829434395,2454396.7288933825,POINT (4786775.082943 2454396.728893)
6.0,Suelo Desnudo,-74.853,7.856423723,4795788.312221895,2426578.8244467666,POINT (4795788.312222 2426578.824447)
9.0,Mineria,-74.778,7.850802907,4805049.7978361,2426410.8074647225,POINT (4805049.797836 2426410.807465)
9.0,Mineria,-74.869,7.975222161,4794104.232204732,2439721.373843807,POINT (4794104.232205 2439721.373844)
4.0,Vegetacion,-74.813,8.067395131,4800267.904855062,2449884.821637128,POINT (4800267.904855 2449884.821637)
6.0,Suelo Desnudo,-74.762,8.020520837,4805906.827462446,2444677.6944029117,POINT (4805906.827462 2444677.694403)
2.0,Bosque Natural,-74.641,7.873969144,4819180.328416464,2428420.995197077,POINT (4819180.328416 2428420.995197)
4.0,Vegetacion,-74.959,8.128747996,4784202.767275432,2456743.0288226344,POINT (4784202.767275 2456743.028823)
2.0,Bosque Natural,-74.647,7.855741437,4818445.00007147,2426408.766552526,POINT (4818445.000071 2426408.766553)
4.0,Vegetacion,-74.799,8.109668401,4801895.510950486,2454551.4629733125,POINT (4801895.51095 2454551.462973)
2.0,Bosque Natural,-74.765,7.831509945,4805429.030336766,2423782.749492436,POINT (4805429.030337 2423782.749492)
6.0,Suelo Desnudo,-74.721,7.80731069,4811074.4230128415,2420618.5828795647,POINT (4811074.423013 2420618.58288)
2.0,Bosque Natural,-74.648,7.8193942,4818381.536470804,2422390.7392831882,POINT (4818381.536471 2422390.739283)
4.0,Vegetacion,-74.796,8.118011498,4802190.109870417,2455472.5932975956,POINT (4802190.10987 2455472.593298)
6.0,Suelo Desnudo,-74.878,8.082559363,4789023.352986419,2449024.2086591865,POINT (4789023.352986 2449024.208659)
7.0,Cuerpos de Agua,-74.791,8.062333436,4802711.3236352885,2449314.401510372,POINT (4802711.323635 2449314.40151)
2.0,Bosque Natural,-74.76,7.853740175,4806035.658916692,2426237.9570306935,POINT (4806035.658917 2426237.957031)
9.0,Mineria,-74.806,7.939384511,4800979.884845921,2435728.4731941633,POINT (4800979.884846 2435728.473194)
6.0,Suelo Desnudo,-74.853,7.797795977,4799139.710466286,2420813.7508653374,POINT (4799139.710466 2420813.750865)
9.0,Mineria,-74.817,7.837784171,4799714.687099452,2424500.7939329864,POINT (4799714.687099 2424500.793933)
4.0,Vegetacion,-74.934,8.0999731,4786964.740870529,2453548.075835607,POINT (4786964.740871 2453548.075836)
6.0,Suelo Desnudo,-74.961,7.860040925,4783839.163481305,2427033.1712186984,POINT (4783839.163481 2427033.171219)
2.0,Bosque Natural,-74.911,7.840867195,4789415.824998068,2424887.3837748175,POINT (4789415.824998 2424887.383775)
9.0,Mineria,-74.816,7.89433003,4799867.616204775,2430751.983269719,POINT (4799867.616205 2430751.98327)
2.0,Bosque Natural,-74.631,7.946176824,4820272.89319328,2436399.4178626314,POINT (4820272.893193 2436399.417863)
2.0,Bosque Natural,-74.764,7.861745222,4805592.166108644,2427124.8534466894,POINT (4805592.166109 2427124.853447)
9.0,Mineria,-74.863,7.912330878,4797175.049122048,2432559.18252109,POINT (4797175.049122 2432559.182521)
4.0,Vegetacion,-74.717,8.040350339,4810906.459407506,2446848.811701849,POINT (4810906.459408 2446848.811702)
1.0,Nubes,-74.647,7.823988022,4818466.529954684,2422854.5702016708,POINT (4818466.529955 2422854.570202)
2.0,Bosque Natural,-74.654,7.802302344,4817658.550649609,2420504.023999942,POINT (4817658.55065 2420504.024)
2.0,Bosque Natural,-74.731,7.866301616,4809258.964687397,2427613.2953950353,POINT (4809258.964687 2427613.295395)
7.0,Cuerpos de Agua,-74.736,8.072072628,4808768.783687775,2450364.997281648,POINT (4808768.783688 2450364.997282)
9.0,Mineria,-74.815,7.854284344,4799988.144778741,2426323.908790941,POINT (4799988.144779 2426323.908791)
9.0,Mineria,-74.836,7.967553392,4797707.915174068,2438857.311390678,POINT (4797707.915174 2438857.311391)
9.0,Mineria,-74.87,8.004401688,4793981.2598128235,2442948.2092531733,POINT (4793981.259813 2442948.209253)
6.0,Suelo Desnudo,-74.963,7.926035841,4783725.634450753,2434330.8939346634,POINT (4783725.634451 2434330.893935)
7.0,Cuerpos de Agua,-74.838,8.036197693,4797533.724551141,2446447.7122919345,POINT (4797533.724551 2446447.712292)
7.0,Cuerpos de Agua,-74.966,7.997693567,4783369.866230862,2442255.958860673,POINT (4783369.866231 2442255.958861)
9.0,Mineria,-74.832,7.867773924,4798094.13675266,2427823.603026578,POINT (4798094.136753 2427823.603027)
6.0,Suelo Desnudo,-74.677,8.106522395,4815238.923163612,2454146.5363840545,POINT (4815238.923164 2454146.536384)
9.0,Mineria,-74.789,7.89097792,4803817.753215883,2430660.8292489597,POINT (4803817.753216 2430660.829249)
4.0,Vegetacion,-74.815,8.084734863,4800097.661967583,2451802.7202999387,POINT (4800097.661968 2451802.7203)
1.0,Nubes,-74.652,7.982093228,4817998.391035603,2440379.107617784,POINT (4817998.391036 2440379.107618)
4.0,Vegetacion,-74.928,8.11357627,4787596.181642069,2455049.19067623,POINT (4787596.181642 2455049.190676)
4.0,Vegetacion,-74.833,8.094114677,4798105.786846413,2452848.717242602,POINT (4798105.786846 2452848.717243)
1.0,Nubes,-74.719,8.037336137,4817018.55300701,2447615.9554050583,POINT (4817018.553007 2447615.955405)
7.0,Cuerpos de Agua,-74.755,8.096433706,4806668.511026305,2453067.345253018,POINT (4806668.511026 2453067.345253)
1.0,Nubes,-74.636,8.050152492,4819421.34744869,2445674.8126306375,POINT (4819421.347449 2445674.812631)
6.0,Suelo Desnudo,-74.697,8.123632466,4813078.734431991,2456047.1432889383,POINT (4813078.734432 2456047.143289)
9.0,Mineria,-74.788,7.909677116,4804427.43867459,2432088.9119814807,POINT (4804427.438675 2432088.911981)
4.0,Vegetacion,-74.802,8.104313674,4801484.669997068,2453961.250503639,POINT (4801484.669997 2453961.250504)
7.0,Cuerpos de Agua,-74.821,7.938852199,4799322.325740405,2435676.8689246364,POINT (4799322.32574 2435676.868925)
4.0,Vegetacion,-74.827,8.097385629,4798730.579416676,2453207.5572033273,POINT (4798730.579417 2453207.557203)
1.0,Nubes,-74.72,8.008361231,4818917.244514027,2438778.787554687,POINT (4818917.244514 2438778.787555)
2.0,Bosque Natural,-74.96,7.981844708,4784090.0568609405,2440500.079207286,POINT (4784090.056861 2440500.079207)
1.0,Nubes,-74.644,8.081530464,4820714.222566991,2448450.259391137,POINT (4820714.222567 2448450.259391)
4.0,Vegetacion,-74.866,8.105097226,4794516.818171926,2454079.3380436692,POINT (4794516.818172 2454079.338044)
1.0,Nubes,-74.654,8.08771767,4820899.854703705,2448184.5375513453,POINT (4820899.854704 2448184.537551)
2.0,Bosque Natural,-74.647,7.840531863,4818448.655662313,2424727.2959364015,POINT (4818448.655662 2424727.295936)
6.0,Suelo Desnudo,-74.966,7.852859347,4783358.832376074,2426241.341442023,POINT (4783358.832376 2426241.341442)
7.0,Cuerpos de Agua,-74.765,8.062432635,4805533.736675302,2449313.079820308,POINT (4805533.736675 2449313.07982)
7.0,Cuerpos de Agua,-74.75,8.023125456,4807261.960558245,2444959.8635650706,POINT (4807261.960558 2444959.863565)
2.0,Bosque Natural,-74.759,7.865531392,4806130.577525702,2427541.183830786,POINT (4806130.577526 2427541.183831)
4.0,Vegetacion,-74.925,8.080190359,4787916.915501607,2451356.1654480873,POINT (4787916.915502 2451356.165448)
9.0,Mineria,-74.824,7.882898825,4798996.9098776,2429491.913882429,POINT (4798996.909878 2429491.913882)
7.0,Cuerpos de Agua,-74.78,7.828805538,4803758.047677284,2423490.797585473,POINT (4803758.047677 2423490.797585)
4.0,Vegetacion,-74.933,8.107991668,4787061.338184729,2454434.239118216,POINT (4787061.338185 2454434.239118)
2.0,Bosque Natural,-74.755,7.797580228,4806569.229324244,2420026.7556166383,POINT (4806569.229324 2420026.755617)
2.0,Bosque Natural,-74.675,7.975654866,4815445.544130997,2439677.6116241864,POINT (4815445.544131 2439677.611624)
6.0,Suelo Desnudo,-74.918,8.082730678,4787310.164545565,2449999.8051886633,POINT (4787310.164546 2449999.805189)
2.0,Bosque Natural,-74.773,7.930071771,4804680.569481346,2434682.885591755,POINT (4804680.569481 2434682.885592)
9.0,Mineria,-74.833,7.8780906,4798027.0859980825,2428964.545055665,POINT (4798027.085998 2428964.545056)
6.0,Suelo Desnudo,-74.834,8.028973562,4798001.312586554,2445646.885026429,POINT (4798001.312587 2445646.885026)
6.0,Suelo Desnudo,-74.709,7.970762793,4786874.053185823,2448777.1646972527,POINT (4786874.053186 2448777.164697)
6.0,Suelo Desnudo,-74.758,7.957315836,4806256.7845660215,2437688.270543752,POINT (4806256.784566 2437688.270544)
4.0,Vegetacion,-74.626,8.082147096,4820875.155974036,2451428.861729802,POINT (4820875.155974 2451428.86173)
4.0,Vegetacion,-74.741,7.885301817,4808121.216458189,2429718.639341455,POINT (4808121.216458 2429718.639341)
4.0,Vegetacion,-74.8,8.117738892,4801780.3599377675,2455444.2693635523,POINT (4801780.359938 2455444.269364)
4.0,Vegetacion,-74.963,8.128207114,4783782.327412088,2456685.257475669,POINT (4783782.327412 2456685.257476)
6.0,Suelo Desnudo,-74.714,8.037690434,4810797.748304341,2446251.995616663,POINT (4810797.748304 2446251.995617)
6.0,Suelo Desnudo,-74.661,8.02552106,4816996.513869237,2445184.255414028,POINT (4816996.513869 2445184.255414)
2.0,Bosque Natural,-74.88,7.827453334,4792820.332208642,2423388.8940631896,POINT (4792820.332209 2423388.894063)
9.0,Mineria,-74.858,7.997263083,4795262.805275855,2442153.115123821,POINT (4795262.805276 2442153.115124)
7.0,Cuerpos de Agua,-74.788,7.99499138,4802978.288377136,2441867.7815695177,POINT (4802978.288377 2441867.78157)
4.0,Vegetacion,-74.925,8.003412229,4787939.586145155,2442866.6748855095,POINT (4787939.586145 2442866.674886)
6.0,Suelo Desnudo,-74.686,7.944765751,4814204.389250138,2436267.7098410637,POINT (4814204.38925 2436267.709841)
4.0,Vegetacion,-74.899,8.085477475,4790840.101290593,2451927.038825358,POINT (4790840.101291 2451927.038825)
2.0,Bosque Natural,-74.689,7.988149229,4813883.477831293,2441065.2982473816,POINT (4813883.477831 2441065.298247)
4.0,Vegetacion,-74.698,7.831243695,4812810.039516735,2423722.9042779426,POINT (4812810.039517 2423722.904278)
7.0,Cuerpos de Agua,-74.965,8.01443607,4783525.065024891,2444106.4828568855,POINT (4783525.065025 2444106.482857)
7.0,Cuerpos de Agua,-74.785,7.998669374,4803295.982811704,2442273.0469633457,POINT (4803295.982812 2442273.046963)
1.0,Nubes,-74.639,8.029712615,4819897.032952701,2447876.8487141747,POINT (4819897.032953 2447876.848714)
9.0,Mineria,-74.929,8.055867594,4797901.955227406,2432858.1868758695,POINT (4797901.955227 2432858.186876)
6.0,Suelo Desnudo,-74.885,8.080681104,4788720.04873571,2449360.2878072443,POINT (4788720.048736 2449360.287807)
4.0,Vegetacion,-74.706,7.837976389,4811929.935582021,2424470.8065927294,POINT (4811929.935582 2424470.806593)
6.0,Suelo Desnudo,-74.946,7.898891655,4785499.5338513935,2431321.184646654,POINT (4785499.533851 2431321.184647)
9.0,Mineria,-74.847,7.911741153,4796497.358264948,2432691.837641379,POINT (4796497.358265 2432691.837641)
7.0,Cuerpos de Agua,-74.831,7.93018019,4798271.439040102,2434722.6862328323,POINT (4798271.43904 2434722.686233)
6.0,Suelo Desnudo,-74.842,7.800447637,4808166.674033261,2425820.467519164,POINT (4808166.674033 2425820.467519)
7.0,Cuerpos de Agua,-74.747,8.060916998,4807555.982861832,2449136.81564445,POINT (4807555.982862 2449136.815644)
4.0,Vegetacion,-74.667,7.94265257,4816305.014874895,2436025.5899622706,POINT (4816305.014875 2436025.589962)
2.0,Bosque Natural,-74.855,7.836477504,4795550.325886878,2424374.527488912,POINT (4795550.325887 2424374.527489)
9.0,Mineria,-74.87,7.953734243,4793914.605619513,2437346.3906346126,POINT (4793914.60562 2437346.390635)
4.0,Vegetacion,-74.812,8.114097712,4800456.754731463,2455047.5798722254,POINT (4800456.754731 2455047.579872)
6.0,Suelo Desnudo,-74.953,7.803693158,4784700.226570725,2420798.71276326,POINT (4784700.226571 2420798.712763)
4.0,Vegetacion,-74.891,8.088790375,4791747.720478142,2452289.1175770396,POINT (4791747.720478 2452289.117577)
1.0,Nubes,-74.644,7.894588459,4818885.430886306,2430701.669659041,POINT (4818885.430886 2430701.669659)
6.0,Suelo Desnudo,-74.732,8.014543729,4809297.023157779,2444441.501906202,POINT (4809297.023158 2444441.501906)
2.0,Bosque Natural,-74.712,7.977872481,4811428.875218337,2439939.2597968774,POINT (4811428.875218 2439939.259797)
1.0,Nubes,-74.644,8.022420551,4818929.398856291,2444833.6992237503,POINT (4818929.398856 2444833.699224)
9.0,Mineria,-74.871,8.000319063,4793848.561085094,2442497.410491649,POINT (4793848.561085 2442497.410492)
7.0,Cuerpos de Agua,-74.816,7.948797474,4799915.798765188,2436773.8447938683,POINT (4799915.798765 2436773.844794)
6.0,Suelo Desnudo,-74.944,7.954782514,4785841.683480392,2437499.492477239,POINT (4785841.68348 2437499.492477)
6.0,Suelo Desnudo,-74.941,7.952572798,4786132.826251161,2437253.795751863,POINT (4786132.826251 2437253.795752)
7.0,Cuerpos de Agua,-74.778,7.833024414,4803980.664271103,2423956.294480952,POINT (4803980.664271 2423956.294481)
6.0,Suelo Desnudo,-74.954,7.917935494,4784726.410474446,2433430.5077284165,POINT (4784726.410474 2433430.507728)
7.0,Cuerpos de Agua,-74.802,7.89018848,4801454.1558093,2430287.204490803,POINT (4801454.155809 2430287.204491)
1.0,Nubes,-74.632,8.056339698,4819408.378452692,2452378.394234769,POINT (4819408.378453 2452378.394235)
2.0,Bosque Natural,-74.631,7.806413044,4820236.451662034,2420948.431451748,POINT (4820236.451662 2420948.431452)
9.0,Mineria,-74.859,7.964098604,4795193.559028035,2438486.5717131332,POINT (4795193.559028 2438486.571713)
1.0,Nubes,-74.664,8.044959658,4819352.240587201,2442788.6989704375,POINT (4819352.240587 2442788.69897)
4.0,Vegetacion,-74.8,8.103500944,4801778.525024489,2453870.090202679,POINT (4801778.525024 2453870.090203)
6.0,Suelo Desnudo,-74.935,8.017151759,4786866.606196017,2444390.898863751,POINT (4786866.606196 2444390.898864)
6.0,Suelo Desnudo,-74.769,7.875094618,4808739.014710682,2423103.048565482,POINT (4808739.014711 2423103.048565)
9.0,Mineria,-74.842,7.944902639,4797002.239962954,2436356.0809014305,POINT (4797002.239963 2436356.080901)
4.0,Vegetacion,-74.798,8.066637897,4801925.896152429,2449793.7646313496,POINT (4801925.896152 2449793.764631)
4.0,Vegetacion,-74.777,7.966143281,4804172.244733506,2438673.145229824,POINT (4804172.244734 2438673.14523)
7.0,Cuerpos de Agua,-74.779,8.107034984,4804039.579613591,2454250.861859736,POINT (4804039.579614 2454250.86186)
2.0,Bosque Natural,-74.763,7.918260046,4805725.035497604,2433372.5387103795,POINT (4805725.035498 2433372.53871)
2.0,Bosque Natural,-74.633,7.866126362,4820023.584313242,2427550.660014284,POINT (4820023.584313 2427550.660014)
4.0,Vegetacion,-74.67,7.921766477,4815927.405881858,2433718.064118793,POINT (4815927.405882 2433718.064119)
9.0,Mineria,-74.829,7.854843066,4798381.237508508,2426392.6685986896,POINT (4798381.237509 2426392.668599)
4.0,Vegetacion,-74.929,7.997895238,4787509.00404705,2442258.675971145,POINT (4787509.004047 2442258.675971)
1.0,Nubes,-74.705,7.880667246,4818617.533074059,2429922.881831419,POINT (4818617.533074 2429922.881831)
7.0,Cuerpos de Agua,-74.943,7.857316754,4785812.149894899,2426722.7605875037,POINT (4785812.149895 2426722.760588)
6.0,Suelo Desnudo,-74.637,8.088240921,4819637.951453994,2452107.5089919716,POINT (4819637.951454 2452107.508992)
4.0,Vegetacion,-74.956,8.123149872,4784596.090542303,2456122.1277326397,POINT (4784596.090542 2456122.127733)
9.0,Mineria,-74.816,7.868474151,4799869.983312967,2427893.280528641,POINT (4799869.983313 2427893.280529)
9.0,Mineria,-74.809,7.827074717,4800601.105468425,2423312.909779386,POINT (4800601.105468 2423312.909779)
4.0,Vegetacion,-74.731,7.911249716,4809292.438869764,2432582.505226058,POINT (4809292.43887 2432582.505226)
1.0,Nubes,-74.658,7.928507606,4817304.977463149,2434457.803131839,POINT (4817304.977463 2434457.803132)
2.0,Suelo Desnudo,-74.896,7.863408278,4784219.6929916255,2447772.797939947,POINT (4784219.692992 2447772.79794)
6.0,Suelo Desnudo,-74.92,7.799577561,4788384.297050523,2420326.7431036984,POINT (4788384.297051 2420326.743104)
7.0,Cuerpos de Agua,-74.752,8.08464249,4807068.138026434,2451761.98782722,POINT (4807068.138026 2451761.987827)
9.0,Mineria,-74.893,7.95339363,4791425.798930565,2437320.0437305,POINT (4791425.798931 2437320.04373)
1.0,Nubes,-74.702,7.84464887,4812292.022344833,2425127.777771946,POINT (4812292.022345 2425127.777772)
7.0,Cuerpos de Agua,-74.817,7.946930202,4799750.2408260405,2436568.1197346095,POINT (4799750.240826 2436568.119735)
4.0,Vegetacion,-74.835,8.090977564,4797853.916539372,2452502.998332166,POINT (4797853.916539 2452502.998332)
2.0,Bosque Natural,-74.773,7.885405727,4804608.750822964,2429744.910059931,POINT (4804608.750823 2429744.91006)
7.0,Cuerpos de Agua,-74.779,7.799225269,4803957.712070448,2420219.5597831155,POINT (4803957.71207 2420219.559783)
2.0,Bosque Natural,-74.776,7.944421745,4804362.3485974455,2436270.7842268213,POINT (4804362.348597 2436270.784227)
6.0,Suelo Desnudo,-74.965,7.864626087,4783383.209977018,2427542.299459513,POINT (4783383.209977 2427542.29946)
1.0,Nubes,-74.675,7.936683556,4818464.066387199,2431137.00060448,POINT (4818464.066387 2431137.000604)
9.0,Mineria,-74.965,8.051702545,4797788.923839666,2432312.813909123,POINT (4797788.92384 2432312.813909)
4.0,Vegetacion,-74.639,8.097676521,4819458.064086563,2453151.369915921,POINT (4819458.064087 2453151.369916)
2.0,Bosque Natural,-74.662,7.82107094,4816814.838269215,2422582.266537116,POINT (4816814.838269 2422582.266537)
4.0,Vegetacion,-74.807,8.122173663,4801016.2056811545,2455937.9891620316,POINT (4801016.205681 2455937.989162)
2.0,Bosque Natural,-74.714,7.881173742,4811125.9570345655,2429249.821233153,POINT (4811125.957035 2429249.821233)
7.0,Cuerpos de Agua,-74.78,8.047754128,4803940.11970313,2447697.1223159987,POINT (4803940.119703 2447697.122316)
4.0,Vegetacion,-74.825,8.073588224,4798943.376535233,2450575.4596782597,POINT (4798943.376535 2450575.459678)
7.0,Cuerpos de Agua,-74.757,8.028236406,4806446.627728446,2445528.4122320386,POINT (4806446.627728 2445528.412232)
4.0,Vegetacion,-74.931,7.856233291,4784676.645291509,2425711.4442234254,POINT (4784676.645292 2425711.444223)
9.0,Mineria,-74.843,7.980715644,4796909.942352412,2440316.145093275,POINT (4796909.942352 2440316.145093)
2.0,Bosque Natural,-74.909,8.121462094,4789703.381767248,2455911.1602847064,POINT (4789703.381767 2455911.160285)
2.0,Bosque Natural,-74.666,8.077503012,4816517.088027096,2450933.043241991,POINT (4816517.088027 2450933.043242)
4.0,Vegetacion,-74.677,8.125000444,4815301.509209773,2456189.1295258673,POINT (4815301.50921 2456189.129526)
7.0,Cuerpos de Agua,-74.803,8.009243608,4801411.490455153,2443450.3727603196,POINT (4801411.490455 2443450.37276)
4.0,Vegetacion,-74.867,8.116077847,4794377.970950177,2455294.069781144,POINT (4794377.97095 2455294.069781)
2.0,Bosque Natural,-74.694,8.009488066,4813394.205430817,2443426.440956165,POINT (4813394.205431 2443426.440956)
6.0,Suelo Desnudo,-74.945,7.886460846,4785649.531039687,2429945.9991381317,POINT (4785649.53104 2429945.999138)
7.0,Cuerpos de Agua,-74.78,8.047293145,4803546.9023692,2447284.3955942374,POINT (4803546.902369 2447284.395594)
7.0,Cuerpos de Agua,-74.958,8.029688929,4784266.346619431,2445789.488637749,POINT (4784266.346619 2445789.488638)
7.0,Cuerpos de Agua,-74.787,7.839842163,4803071.984423363,2424713.9228009833,POINT (4803071.984423 2424713.922801)
6.0,Suelo Desnudo,-74.959,7.859460875,4784311.719301138,2448692.509938545,POINT (4784311.719301 2448692.509939)
6.0,Suelo Desnudo,-74.727,8.03012844,4809617.261058361,2445753.2835523854,POINT (4809617.261058 2445753.283552)
6.0,Suelo Desnudo,-74.853,7.880872737,4795778.613221185,2429282.0679050144,POINT (4795778.613221 2429282.067905)
6.0,Suelo Desnudo,-74.742,7.930759783,4808044.733567854,2434744.7112776963,POINT (4808044.733568 2434744.711278)
4.0,Vegetacion,-74.953,8.124799561,4784945.607850802,2456302.853031584,POINT (4784945.607851 2456302.853032)
2.0,Bosque Natural,-74.662,7.969164288,4816837.5028439425,2438954.425461245,POINT (4816837.502844 2438954.425461)
6.0,Suelo Desnudo,-74.856,7.883772218,4795449.555574867,2429604.110181421,POINT (4795449.555575 2429604.110181)
6.0,Suelo Desnudo,-74.751,7.971745668,4787234.448439233,2449293.325401592,POINT (4787234.448439 2449293.325402)
1.0,Nubes,-74.661,8.048053261,4819677.660349062,2447895.8121290826,POINT (4819677.660349 2447895.812129)
9.0,Mineria,-74.777,8.044601274,4804087.642293848,2447238.898215175,POINT (4804087.642294 2447238.898215)
9.0,Mineria,-74.851,7.974900897,4796046.299864599,2439677.103218164,POINT (4796046.299865 2439677.103218)
4.0,Vegetacion,-74.832,8.082620945,4798182.012568279,2451577.5730822664,POINT (4798182.012568 2451577.573082)
7.0,Cuerpos de Agua,-74.64,8.107058674,4819409.733584032,2454188.7938263235,POINT (4819409.733584 2454188.793826)
2.0,Bosque Natural,-74.675,8.044454994,4815536.138391374,2447283.4335066588,POINT (4815536.138391 2447283.433507)
6.0,Suelo Desnudo,-74.756,7.945079043,4806500.204090914,2436334.345248407,POINT (4806500.204091 2436334.345248)
7.0,Cuerpos de Agua,-74.739,8.062637029,4808412.37068588,2449323.3257610807,POINT (4808412.370686 2449323.325761)
2.0,Bosque Natural,-74.643,8.009837879,4818998.389420778,2443442.369031364,POINT (4818998.389421 2443442.369031)
4.0,Vegetacion,-74.938,8.10063568,4786497.236967963,2453623.565166103,POINT (4786497.236968 2453623.565166)
1.0,Nubes,-74.631,7.996456384,4820305.928337128,2441957.805410377,POINT (4820305.928337 2441957.80541)
4.0,Vegetacion,-74.815,8.068503938,4800028.560505765,2450008.4792237994,POINT (4800028.560506 2450008.479224)
6.0,Suelo Desnudo,-74.938,8.116443289,4786558.133613045,2455371.146432421,POINT (4786558.133613 2455371.146432)
4.0,Vegetacion,-74.913,8.089601697,4789270.287400616,2452390.400770443,POINT (4789270.287401 2452390.40077)
2.0,Bosque Natural,-74.87,7.808957006,4793889.628470005,2421339.0692264005,POINT (4793889.62847 2421339.069226)
4.0,Vegetacion,-74.679,7.944470889,4815038.386024696,2436231.7255104333,POINT (4815038.386025 2436231.72551)
9.0,Mineria,-74.78,8.039490324,4803817.224270587,2446771.939697697,POINT (4803817.224271 2446771.939698)
1.0,Nubes,-74.667,8.041534598,4817767.395309745,2452129.892338553,POINT (4817767.39531 2452129.892339)
4.0,Vegetacion,-74.897,8.055118035,4791030.997131195,2448569.3459380977,POINT (4791030.997131 2448569.345938)
7.0,Cuerpos de Agua,-74.64,8.118420545,4819320.997139969,2455445.2469457504,POINT (4819320.99714 2455445.246946)
1.0,Nubes,-74.629,8.001759703,4820615.115189484,2442749.4762766403,POINT (4820615.115189 2442749.476277)
2.0,Bosque Natural,-74.92,7.987337907,4788440.987919811,2441086.9973607813,POINT (4788440.98792 2441086.997361)
2.0,Bosque Natural,-74.634,7.91338987,4819907.251810527,2432776.188638331,POINT (4819907.251811 2432776.188638)
9.0,Mineria,-74.831,7.934173335,4798257.405687271,2435164.245229803,POINT (4798257.405687 2435164.24523)
4.0,Vegetacion,-74.935,8.109627835,4786823.808907984,2454616.283746539,POINT (4786823.808908 2454616.283747)
9.0,Mineria,-74.892,7.954488457,4791496.077503081,2437440.774957485,POINT (4791496.077503 2437440.774957)
9.0,Mineria,-74.827,8.032934218,4797123.290290445,2441349.346506311,POINT (4797123.29029 2441349.346506)
7.0,Cuerpos de Agua,-74.775,8.100868935,4804513.345080999,2453567.0629508253,POINT (4804513.345081 2453567.062951)
9.0,Mineria,-74.892,7.949963172,4791493.790536989,2436940.4348704168,POINT (4791493.790537 2436940.43487)
9.0,Mineria,-74.701,7.961720344,4812635.901921644,2438148.551926283,POINT (4812635.901922 2438148.551926)
2.0,Bosque Natural,-74.638,7.822909929,4819492.176731209,2422775.0759651368,POINT (4819492.176731 2422775.075965)
6.0,Suelo Desnudo,-74.724,7.961198192,4810098.811967398,2438101.327746133,POINT (4810098.811967 2438101.327746)
4.0,Vegetacion,-74.833,8.084879125,4798101.188496789,2451827.6116927075,POINT (4798101.188497 2451827.611693)
2.0,Bosque Natural,-74.698,7.912404298,4812931.986014119,2432695.159449917,POINT (4812931.986014 2432695.15945)
9.0,Mineria,-74.83,7.949097988,4798324.409459751,2436814.075554932,POINT (4798324.40946 2436814.075555)
6.0,Suelo Desnudo,-74.83,8.030644449,4798446.2265773695,2445829.638139451,POINT (4798446.226577 2445829.638139)
9.0,Mineria,-74.825,7.899371664,4798884.5841264995,2431313.693983943,POINT (4798884.584126 2431313.693984)
7.0,Cuerpos de Agua,-74.788,8.025902758,4802993.157653332,2445285.327090759,POINT (4802993.157653 2445285.327091)
7.0,Cuerpos de Agua,-74.767,8.06231593,4805372.936627589,2449300.872247462,POINT (4805372.936628 2449300.872247)
4.0,Vegetacion,-74.849,8.11040985,4796396.807536826,2454658.1385182403,POINT (4796396.807537 2454658.138518)
4.0,Vegetacion,-74.811,8.067368087,4800497.351013692,2449880.812786517,POINT (4800497.351014 2449880.812787)
7.0,Cuerpos de Agua,-74.793,7.840752458,4802400.775280832,2424817.4268461717,POINT (4802400.775281 2424817.426846)
2.0,Bosque Natural,-74.777,7.885976713,4804136.6969379075,2429810.0455014734,POINT (4804136.696938 2429810.045501)
4.0,Vegetacion,-74.864,8.111412198,4794706.833846021,2454776.6918209735,POINT (4794706.833846 2454776.691821)
7.0,Cuerpos de Agua,-74.635,8.100833366,4819908.86366128,2453498.554178603,POINT (4819908.863661 2453498.554179)
6.0,Suelo Desnudo,-74.957,7.946946505,4784411.01555523,2436639.791156812,POINT (4784411.015555 2436639.791157)
1.0,Nubes,-74.693,8.128044994,4817231.482540786,2445010.5654873084,POINT (4817231.482541 2445010.565487)
9.0,Mineria,-74.796,7.916360665,4802082.032252414,2433178.1327135283,POINT (4802082.032252 2433178.132714)
6.0,Suelo Desnudo,-74.741,8.008744767,4812561.949800623,2444352.0498285354,POINT (4812561.949801 2444352.049829)
2.0,Bosque Natural,-74.638,8.067477688,4819544.803127784,2449812.441673106,POINT (4819544.803128 2449812.441673)
7.0,Cuerpos de Agua,-74.651,8.124478587,4812193.772266297,2454979.4182675746,POINT (4812193.772266 2454979.418268)
1.0,Nubes,-74.626,7.995903955,4820829.2310762,2441894.663307348,POINT (4820829.231076 2441894.663307)
4.0,Vegetacion,-74.895,7.892304801,4790491.641529542,2428896.9993227078,POINT (4790491.64153 2428896.999323)
2.0,Bosque Natural,-74.753,7.806671822,4806746.799143557,2421031.1694764975,POINT (4806746.799144 2421031.169476)
4.0,Vegetacion,-74.666,7.892083654,4816374.691959173,2430434.7174604684,POINT (4816374.691959 2430434.71746)
4.0,Vegetacion,-74.792,8.068247019,4802594.190855686,2449968.733473675,POINT (4802594.190856 2449968.733474)
7.0,Cuerpos de Agua,-74.799,7.817764339,4801761.376497589,2422278.566867004,POINT (4801761.376498 2422278.566867)
2.0,Bosque Natural,-74.726,7.882746342,4809804.840962313,2429429.122742235,POINT (4809804.840962 2429429.122742)
6.0,Suelo Desnudo,-74.944,7.963289922,4785785.211215521,2438440.431603575,POINT (4785785.211216 2438440.431604)
9.0,Mineria,-74.819,7.873752791,4799493.419376936,2428478.5373528814,POINT (4799493.419377 2428478.537353)
2.0,Bosque Natural,-74.879,7.801058317,4792938.519299627,2420469.9708264857,POINT (4792938.5193 2420469.970826)
4.0,Vegetacion,-74.797,8.064068709,4802072.154693724,2449509.0651156907,POINT (4802072.154694 2449509.065116)
2.0,Bosque Natural,-74.722,7.945896057,4810294.210469582,2436408.751206857,POINT (4810294.21047 2436408.751207)
7.0,Cuerpos de Agua,-74.803,7.874281739,4801329.519946713,2428529.0655239522,POINT (4801329.519947 2428529.065524)
9.0,Mineria,-74.788,7.897219176,4804396.582383226,2431639.089332312,POINT (4804396.582383 2431639.089332)
9.0,Mineria,-74.807,7.840569711,4800801.334571145,2424804.0795580964,POINT (4800801.334571 2424804.079558)
9.0,Mineria,-74.861,7.928843177,4794934.795945877,2434589.6942627626,POINT (4794934.795946 2434589.694263)
4.0,Vegetacion,-74.93,8.124961825,4787454.669946054,2456308.7763683777,POINT (4787454.669946 2456308.776368)
9.0,Mineria,-74.828,7.890828895,4798506.069372745,2430370.8354212316,POINT (4798506.069373 2430370.835421)
9.0,Mineria,-74.836,7.937263179,4797642.109725426,2435508.5901673376,POINT (4797642.109725 2435508.590167)
4.0,Vegetacion,-74.933,8.102014927,4787071.602987929,2453773.3348127366,POINT (4787071.602988 2453773.334813)
2.0,Bosque Natural,-74.701,7.972247313,4812546.973743649,2439312.7392465603,POINT (4812546.973744 2439312.739247)
7.0,Cuerpos de Agua,-74.803,7.857835005,4801268.043038083,2426710.9516614545,POINT (4801268.043038 2426710.951661)
6.0,Suelo Desnudo,-74.687,7.840678285,4814046.260109295,2424760.9643443194,POINT (4814046.260109 2424760.964344)
4.0,Vegetacion,-74.795,8.103177823,4802312.471734703,2453832.003471692,POINT (4802312.471735 2453832.003472)
4.0,Vegetacion,-74.917,8.097823096,4788815.652008701,2453301.5810652357,POINT (4788815.652009 2453301.581065)
7.0,Cuerpos de Agua,-74.763,8.031922187,4805749.776411817,2445938.903481782,POINT (4805749.776412 2445938.903482)
4.0,Vegetacion,-74.958,8.12585428,4784359.149481322,2456422.305898997,POINT (4784359.149481 2456422.305899)
2.0,Bosque Natural,-74.707,7.899698429,4811915.424369242,2431294.6058724625,POINT (4811915.424369 2431294.605872)
4.0,Vegetacion,-74.835,8.093195178,4797890.780479267,2452748.022307155,POINT (4797890.780479 2452748.022307)
7.0,Cuerpos de Agua,-74.86,8.051940901,4795099.756819803,2448199.3627080633,POINT (4795099.75682 2448199.362708)
7.0,Cuerpos de Agua,-74.833,7.991231164,4798036.859733626,2441473.7636671667,POINT (4798036.859734 2441473.763667)
4.0,Vegetacion,-74.814,8.069491046,4800231.684737325,2450116.7141762064,POINT (4800231.684737 2450116.714176)
4.0,Vegetacion,-74.812,8.095518357,4800437.307309907,2452993.4680774114,POINT (4800437.30731 2452993.468077)
6.0,Suelo Desnudo,-74.954,7.996729121,4784729.58650186,2442142.8437981526,POINT (4784729.586502 2442142.843798)
4.0,Vegetacion,-74.937,8.102934426,4786634.0364296725,2453877.088713684,POINT (4786634.03643 2453877.088714)
4.0,Vegetacion,-74.866,8.08520168,4794439.788904231,2451879.904008147,POINT (4794439.788904 2451879.904008)
9.0,Mineria,-74.791,7.916790673,4802606.341685056,2433223.413506066,POINT (4802606.341685 2433223.413506)
9.0,Mineria,-74.828,7.834349573,4798481.604415547,2424126.4056526204,POINT (4798481.604416 2424126.405653)
6.0,Suelo Desnudo,-74.839,7.795641504,4798481.869049157,2421777.1183838323,POINT (4798481.869049 2421777.118384)
4.0,Vegetacion,-74.713,7.949090401,4811238.142074473,2436757.9950206517,POINT (4811238.142074 2436757.995021)
2.0,Bosque Natural,-74.884,7.812092299,4792287.925280766,2421692.860233786,POINT (4792287.925281 2421692.860234)
4.0,Vegetacion,-74.806,8.070397023,4801106.750106371,2450213.000759543,POINT (4801106.750106 2450213.00076)
4.0,Vegetacion,-74.952,8.114937984,4785006.187406637,2455212.1416476574,POINT (4785006.187407 2455212.141648)
4.0,Vegetacion,-74.803,8.117972301,4801384.4476200575,2455471.8341553896,POINT (4801384.44762 2455471.834155)
6.0,Suelo Desnudo,-74.69,7.99591086,4813823.680483975,2441923.6356055667,POINT (4813823.680484 2441923.635606)
7.0,Cuerpos de Agua,-74.779,7.983269877,4804026.035172,2440567.30420811,POINT (4804026.035172 2440567.304208)
2.0,Bosque Natural,-74.639,7.901391836,4819442.644287244,2431451.605692545,POINT (4819442.644287 2431451.605693)
4.0,Vegetacion,-74.69,8.102148602,4813834.613223126,2453668.807547393,POINT (4813834.613223 2453668.807547)
9.0,Mineria,-74.892,7.946393177,4791490.410286676,2436545.724157956,POINT (4791490.410287 2436545.724158)
1.0,Nubes,-74.749,8.056892127,4816634.4547161935,2447356.29191608,POINT (4816634.454716 2447356.291916)
7.0,Cuerpos de Agua,-74.803,7.85189861,4801329.593473089,2426054.349384535,POINT (4801329.593473 2426054.349385)
9.0,Mineria,-74.789,7.903165569,4804253.409152945,2431909.2311931103,POINT (4804253.409153 2431909.231193)
4.0,Vegetacion,-74.809,8.11325744,4800806.083648362,2454953.1183667695,POINT (4800806.083648 2454953.118367)
7.0,Cuerpos de Agua,-74.786,8.126939423,4803286.477210637,2456454.8417088725,POINT (4803286.477211 2456454.841709)
2.0,Bosque Natural,-74.732,7.923437365,4809108.45747193,2433930.709526141,POINT (4809108.457472 2433930.709526)
2.0,Bosque Natural,-74.716,7.898619773,4810863.02341342,2431179.675337211,POINT (4810863.023413 2431179.675337)
6.0,Suelo Desnudo,-74.878,7.853180235,4793055.986517761,2426232.367437276,POINT (4793055.986518 2426232.367437)
9.0,Mineria,-74.844,7.948695357,4796836.21615999,2436776.159832609,POINT (4796836.21616 2436776.159833)
7.0,Cuerpos de Agua,-74.731,8.05688721,4809303.152938325,2448683.849994757,POINT (4809303.152938 2448683.849995)
9.0,Mineria,-74.884,7.961713743,4792425.666229585,2438235.414132179,POINT (4792425.66623 2438235.414132)
9.0,Mineria,-74.787,7.891297354,4803877.578259759,2430920.2489660205,POINT (4803877.57826 2430920.248966)
4.0,Vegetacion,-74.798,8.107450787,4801956.998178137,2454306.0052638287,POINT (4801956.998178 2454306.005264)
4.0,Vegetacion,-74.794,8.098692719,4802439.674683046,2453335.558047207,POINT (4802439.674683 2453335.558047)
1.0,Nubes,-74.69,7.879451902,4818385.71863254,2431299.1916257683,POINT (4818385.718633 2431299.191626)
4.0,Vegetacion,-74.796,8.09897281,4802162.066117827,2453367.751178818,POINT (4802162.066118 2453367.751179)
1.0,Nubes,-74.628,8.054792896,4816737.373919415,2450740.6522729774,POINT (4816737.373919 2450740.652273)
2.0,Bosque Natural,-74.668,7.843792604,4816214.20086949,2425096.6026733844,POINT (4816214.200869 2425096.602673)
6.0,Suelo Desnudo,-74.942,8.000744615,4786066.544497796,2442580.5163820027,POINT (4786066.544498 2442580.516382)
7.0,Cuerpos de Agua,-74.638,8.103284562,4819606.399129831,2453770.759704235,POINT (4819606.39913 2453770.759704)
6.0,Suelo Desnudo,-74.887,7.979338377,4792137.896320441,2440185.4373700763,POINT (4792137.89632 2440185.43737)
9.0,Mineria,-74.803,7.936042736,4801370.999350519,2435357.297834146,POINT (4801370.999351 2435357.297834)
